{"cameraMode":{"drawMode":0,"name":"Shaded","section":"Shading Mode"},"sceneLighting":true,"audioPlay":false,"sceneViewState":{"showFog":true,"showMaterialUpdate":false,"showSkybox":true,"showFlares":true,"showImageEffects":true,"showParticleSystems":true,"showVisualEffectGraphs":true,"m_FxEnabled":false},"in2DMode":false,"pivot":{"x":5.0292792320251469,"y":-14.359643936157227,"z":-16.585294723510743},"rotation":{"x":0.00042155306437052786,"y":-0.9799937009811401,"z":0.1990608125925064,"w":0.002069304697215557},"size":9.109831809997559,"orthographic":true}