{"cameraMode":{"drawMode":0,"name":"Shaded","section":"Shading Mode"},"sceneLighting":true,"audioPlay":false,"sceneViewState":{"showFog":true,"showMaterialUpdate":false,"showSkybox":true,"showFlares":true,"showImageEffects":true,"showParticleSystems":true,"showVisualEffectGraphs":true,"m_FxEnabled":false},"in2DMode":false,"pivot":{"x":-0.10385525226593018,"y":-0.9763469696044922,"z":4.543969631195068},"rotation":{"x":0.023233741521835328,"y":-0.9765276908874512,"z":0.14041642844676972,"w":0.16171011328697205},"size":-2.159507989883423,"orthographic":false}