{"cameraMode":{"drawMode":0,"name":"Shaded","section":"Shading Mode"},"sceneLighting":true,"audioPlay":false,"sceneViewState":{"showFog":true,"showMaterialUpdate":false,"showSkybox":true,"showFlares":true,"showImageEffects":true,"showParticleSystems":true,"showVisualEffectGraphs":true,"m_FxEnabled":false},"in2DMode":false,"pivot":{"x":12.479999542236329,"y":26.290000915527345,"z":-25.3700008392334},"rotation":{"x":0.055135589092969897,"y":0.5746713876724243,"z":-0.03885343298316002,"w":0.8156200051307678},"size":1.1017489433288575,"orthographic":true}