{"cameraMode":{"drawMode":0,"name":"Shaded","section":"Shading Mode"},"sceneLighting":true,"audioPlay":false,"sceneViewState":{"showFog":true,"showMaterialUpdate":false,"showSkybox":true,"showFlares":true,"showImageEffects":true,"showParticleSystems":true,"showVisualEffectGraphs":true,"m_FxEnabled":false},"in2DMode":false,"pivot":{"x":13.077266693115235,"y":29.653472900390626,"z":-15.265970230102539},"rotation":{"x":0.055135589092969897,"y":0.5746713876724243,"z":-0.03885343298316002,"w":0.8156200051307678},"size":15.413347244262696,"orthographic":true}